Inst_ID,Inst_Fname,Inst_Lname,City,Age,Gender,Degree,Email,Working_Status,Salary,HireDate,Password
1,Christine,Peters,New Ryan,54,M,Master,christine.peters@example.com,Parttime,44837,2/28/2019,460
2,Anthony,Stewart,Hartbury,49,F,Master,anthony.stewart@example.com,Fulltime,27449,6/7/2020,732
3,Michelle,Allen,Hartbury,54,F,Master,michelle.allen@example.com,Fulltime,37630,12/19/2023,514
4,Amanda,Santos,Thomasview,46,M,PhD,amanda.santos@example.com,Parttime,17879,5/9/2018,674
5,Craig,Holden,West Emilyfort,48,F,Master,craig.holden@example.com,Fulltime,40552,11/11/2018,979
6,Tiffany,Cuevas,New Joshua,44,F,BSc,tiffany.cuevas@example.com,Parttime,43312,7/20/2015,487
7,Breanna,Hart,Mendozamouth,49,F,BSc,breanna.hart@example.com,Fulltime,40796,6/26/2021,182
8,Susan,Barr,New Joshua,40,F,PhD,susan.barr@example.com,Parttime,37864,3/4/2023,264
9,Natalie,Werner,New Joshua,44,M,PhD,natalie.werner@example.com,Fulltime,18415,10/9/2017,114
10,Jonathan,Johnson,Lake Keith,34,M,BSc,jonathan.johnson@example.com,Parttime,44973,5/15/2016,399
11,Christopher,Ross,Victorberg,52,F,BSc,christopher.ross@example.com,Parttime,43850,7/18/2016,923
12,Michael,Sanchez,West Emilyfort,46,F,BSc,michael.sanchez@example.com,Parttime,40988,10/14/2018,357
13,Tina,Payne,Whiteside,48,M,BSc,tina.payne@example.com,Parttime,36824,8/1/2015,354
14,Brandon,Atkinson,Port Daniel,45,M,Master,brandon.atkinson@example.com,Parttime,21095,4/19/2015,670
15,Douglas,Gutierrez,Mendozamouth,37,F,PhD,douglas.gutierrez@example.com,Fulltime,40452,7/26/2019,939
16,David,Olson,West Emilyfort,35,M,PhD,david.olson@example.com,Parttime,37912,4/19/2022,957
17,Thomas,Lopez,Joneshaven,37,M,PhD,thomas.lopez@example.com,Fulltime,16855,12/4/2017,706
18,Daryl,Woods,East Julian,50,F,Master,daryl.woods@example.com,Parttime,28107,4/8/2020,640
19,Randy,Campbell,New Joshua,34,F,Master,randy.campbell@example.com,Fulltime,26695,4/21/2018,493
20,Daniel,Cochran,Victorberg,40,M,BSc,daniel.cochran@example.com,Parttime,28547,3/22/2015,488
21,Louis,Jackson,Mendozamouth,54,M,Master,louis.jackson@example.com,Fulltime,28136,3/5/2022,220
22,Lori,Alexander,New Joshua,40,F,BSc,lori.alexander@example.com,Parttime,32836,10/7/2017,363
23,Debra,Zamora,Mendozamouth,33,F,PhD,debra.zamora@example.com,Fulltime,20505,10/24/2020,129
24,Matthew,Johnson,New Adrian,52,F,BSc,matthew.johnson@example.com,Fulltime,24464,12/12/2020,298
25,Abigail,Rice,East Julian,55,F,BSc,abigail.rice@example.com,Fulltime,35182,6/15/2021,294
26,Angela,Lewis,New Adrian,53,M,PhD,angela.lewis@example.com,Parttime,26872,11/22/2022,890
27,Julia,Garcia,East Julian,30,F,BSc,julia.garcia@example.com,Parttime,22231,2/5/2021,888
28,Adam,Anderson,West Emilyfort,41,F,Master,adam.anderson@example.com,Parttime,33823,8/23/2017,199
29,John,Jackson,Mendozamouth,40,F,Master,john.jackson@example.com,Parttime,27717,6/3/2018,870
30,Julia,Alexander,New Joshua,50,M,BSc,julia.alexander@example.com,Parttime,40853,6/21/2015,336
31,Robert,Carroll,Victorberg,36,F,Master,robert.carroll@example.com,Fulltime,41214,8/3/2023,939
32,David,Alvarado,New Ryan,39,M,Master,david.alvarado@example.com,Fulltime,25640,7/28/2022,993
33,Christian,Carroll,New Ryan,54,M,PhD,christian.carroll@example.com,Fulltime,44323,7/28/2023,996
34,Ryan,Holland,South Markmouth,48,F,Master,ryan.holland@example.com,Fulltime,32204,3/24/2016,416
35,Jamie,Murphy,Grahamtown,38,M,Master,jamie.murphy@example.com,Fulltime,17220,7/21/2020,449
36,Spencer,Espinoza,New Ryan,31,M,PhD,spencer.espinoza@example.com,Fulltime,42396,8/26/2019,360
37,Michael,Fernandez,Grahamtown,32,F,Master,michael.fernandez@example.com,Fulltime,44278,12/5/2016,270
38,Kimberly,Rogers,Whiteside,30,M,PhD,kimberly.rogers@example.com,Fulltime,25664,12/2/2023,373
39,Robert,Martin,Port Daniel,36,F,PhD,robert.martin@example.com,Fulltime,21411,1/13/2015,952
40,Michael,Alexander,Grahamtown,48,M,Master,michael.alexander@example.com,Fulltime,26051,5/26/2022,902
41,Robin,Cooke,Whiteside,33,M,PhD,robin.cooke@example.com,Fulltime,34300,2/2/2019,560
42,Tami,Farrell,South Markmouth,53,M,BSc,tami.farrell@example.com,Parttime,26709,12/14/2021,811
43,Robert,Fields,Lake Keith,36,M,BSc,robert.fields@example.com,Parttime,44884,2/3/2022,529
44,Mary,Graves,Grahamtown,40,M,Master,mary.graves@example.com,Parttime,21087,3/4/2023,430
45,David,Alexander,Grahamtown,32,M,BSc,david.alexander@example.com,Fulltime,20795,6/28/2022,442
46,Gregory,Ruiz,West Emilyfort,41,F,PhD,gregory.ruiz@example.com,Parttime,37227,1/19/2019,170
47,Johnny,Molina,Thomasview,31,F,Master,johnny.molina@example.com,Parttime,18823,2/5/2021,348
48,Lisa,Craig,Grahamtown,35,F,BSc,lisa.craig@example.com,Parttime,21718,5/20/2023,355
49,Daisy,Wagner,New Ryan,45,F,PhD,daisy.wagner@example.com,Fulltime,36685,11/9/2019,892
50,Sean,Horn,Mendozamouth,42,F,Master,sean.horn@example.com,Parttime,37168,5/2/2017,928
51,Sierra,Palmer,New Adrian,49,F,PhD,sierra.palmer@example.com,Fulltime,39373,6/19/2021,196
52,Lisa,Sanders,New Joshua,38,F,BSc,lisa.sanders@example.com,Fulltime,42945,11/5/2018,597
53,Carol,Roman,Mendozamouth,54,M,PhD,carol.roman@example.com,Fulltime,35563,7/23/2016,692
54,Jeffery,Cooley,New Ryan,31,M,PhD,jeffery.cooley@example.com,Fulltime,38224,9/24/2015,901
55,Gordon,Richard,Victorberg,36,F,PhD,gordon.richard@example.com,Parttime,31148,3/23/2022,972
56,Gerald,Meza,Whiteside,32,F,BSc,gerald.meza@example.com,Fulltime,35314,12/22/2022,952
57,Lisa,Warren,South Markmouth,52,F,Master,lisa.warren@example.com,Parttime,18953,3/13/2017,773
58,Karen,Winters,Hartbury,47,F,BSc,karen.winters@example.com,Fulltime,37927,11/18/2016,547
59,James,Johnson,East Julian,50,M,PhD,james.johnson@example.com,Parttime,37845,7/6/2017,964
60,Erica,Gibson,Whiteside,38,F,PhD,erica.gibson@example.com,Fulltime,42658,2/10/2023,342
61,Adam,Johnson,New Ryan,49,F,Master,adam.johnson@example.com,Fulltime,29124,10/24/2015,958
62,Susan,Hayes,Port Daniel,37,M,Master,susan.hayes@example.com,Parttime,41184,1/27/2022,728
63,Barry,Mathews,New Ryan,32,F,BSc,barry.mathews@example.com,Parttime,33663,5/28/2016,688
64,Daniel,Mccoy,Mendozamouth,46,M,PhD,daniel.mccoy@example.com,Fulltime,37111,6/9/2017,608
65,William,Aguilar,Hartbury,47,F,PhD,william.aguilar@example.com,Fulltime,41125,9/7/2019,375
66,Felicia,Bryant,New Ryan,52,F,PhD,felicia.bryant@example.com,Parttime,44077,9/26/2017,627
67,Regina,Adams,Lake Keith,45,M,Master,regina.adams@example.com,Parttime,40383,2/17/2017,971
68,Kaitlyn,Luna,Lake Keith,35,F,BSc,kaitlyn.luna@example.com,Fulltime,33754,2/10/2021,792
69,James,Ballard,West Emilyfort,50,F,PhD,james.ballard@example.com,Parttime,15287,11/20/2018,258
70,Keith,Irwin,Hartbury,45,F,PhD,keith.irwin@example.com,Parttime,42001,1/21/2021,246
71,David,Mcdaniel,Victorberg,55,F,PhD,david.mcdaniel@example.com,Fulltime,26356,1/16/2020,739
72,Paul,Garcia,Victorberg,54,M,BSc,paul.garcia@example.com,Fulltime,30942,11/28/2016,922
73,Robert,Williams,South Markmouth,34,F,BSc,robert.williams@example.com,Parttime,36538,4/3/2023,575
74,Michael,Dyer,Mendozamouth,44,M,BSc,michael.dyer@example.com,Fulltime,31432,1/6/2016,722
75,Andrea,Johnson,New Joshua,47,M,BSc,andrea.johnson@example.com,Fulltime,25797,8/4/2019,838
76,Michael,Golden,New Joshua,41,F,BSc,michael.golden@example.com,Parttime,34136,4/11/2019,156
77,Amber,Wilson,Thomasview,32,F,Master,amber.wilson@example.com,Fulltime,29197,5/23/2015,700
78,Mary,Phillips,South Markmouth,40,M,BSc,mary.phillips@example.com,Parttime,42094,7/6/2021,399
79,Rhonda,Lane,New Joshua,32,M,BSc,rhonda.lane@example.com,Parttime,28270,4/19/2021,494
80,Julia,Dean,Thomasview,42,F,PhD,julia.dean@example.com,Parttime,22289,7/17/2018,668
81,Nicole,Hernandez,East Julian,49,F,BSc,nicole.hernandez@example.com,Parttime,25720,1/18/2022,698
82,Crystal,Young,Mendozamouth,54,F,BSc,crystal.young@example.com,Parttime,20559,6/15/2022,781
83,Dominique,Cobb,East Julian,45,F,BSc,dominique.cobb@example.com,Parttime,35395,7/23/2016,834
84,Tina,Jackson,Port Daniel,32,M,PhD,tina.jackson@example.com,Fulltime,26935,1/9/2015,718
85,Larry,Mosley,Whiteside,47,F,BSc,larry.mosley@example.com,Fulltime,18191,4/2/2019,755
86,Samantha,Melton,Hartbury,50,M,Master,samantha.melton@example.com,Fulltime,36150,11/26/2017,455
87,Crystal,Anthony,Hartbury,41,M,PhD,crystal.anthony@example.com,Fulltime,40312,4/13/2017,515
88,Judy,Smith,Victorberg,46,F,Master,judy.smith@example.com,Parttime,26363,10/1/2020,415
89,Janet,Erickson,Joneshaven,31,M,PhD,janet.erickson@example.com,Parttime,38860,1/11/2015,180
90,Philip,Harris,Joneshaven,30,F,PhD,philip.harris@example.com,Fulltime,35578,2/5/2017,519
91,Patricia,Bailey,East Julian,41,F,BSc,patricia.bailey@example.com,Parttime,28390,1/1/2019,146
92,Troy,Reyes,Joneshaven,33,M,BSc,troy.reyes@example.com,Parttime,30862,11/1/2021,415
93,Rodney,Valenzuela,Joneshaven,35,F,BSc,rodney.valenzuela@example.com,Parttime,35487,5/8/2018,247
94,Katie,Williams,New Joshua,45,F,PhD,katie.williams@example.com,Fulltime,28041,11/19/2021,748
95,Jennifer,Stone,Mendozamouth,47,M,PhD,jennifer.stone@example.com,Fulltime,33722,5/12/2018,730
96,Michelle,Manning,West Emilyfort,33,M,PhD,michelle.manning@example.com,Parttime,41274,6/8/2017,646
97,Stephen,Roberts,Grahamtown,39,F,PhD,stephen.roberts@example.com,Fulltime,39186,5/26/2016,389
98,Phillip,Harmon,New Ryan,43,F,BSc,phillip.harmon@example.com,Parttime,19606,6/16/2018,557
99,Kyle,Larson,Whiteside,47,M,PhD,kyle.larson@example.com,Fulltime,24326,1/14/2015,317
100,Stacie,Reyes,Hartbury,54,F,BSc,stacie.reyes@example.com,Fulltime,21535,2/28/2023,943
101,Justin,Sanchez,Lake Keith,37,F,Master,justin.sanchez@example.com,Fulltime,38588,4/3/2019,852
102,Amy,Kelly,East Julian,32,F,PhD,amy.kelly@example.com,Parttime,20800,7/9/2020,807
103,Karen,Petersen,Grahamtown,32,M,BSc,karen.petersen@example.com,Fulltime,25750,2/4/2020,121
104,Kristina,Scott,Grahamtown,41,F,Master,kristina.scott@example.com,Parttime,15004,5/21/2017,995
105,Cynthia,Oliver,New Ryan,48,F,BSc,cynthia.oliver@example.com,Fulltime,40441,7/16/2020,309
106,John,Everett,Grahamtown,32,F,Master,john.everett@example.com,Parttime,25679,1/14/2020,822
107,Laura,Clark,New Ryan,45,F,BSc,laura.clark@example.com,Fulltime,25711,12/16/2019,832
108,Dominic,Hall,Victorberg,47,F,Master,dominic.hall@example.com,Parttime,18489,1/24/2023,567
109,Vanessa,Lane,Mendozamouth,38,M,BSc,vanessa.lane@example.com,Fulltime,41971,12/28/2017,864
110,Michael,Adams,Port Daniel,48,F,PhD,michael.adams@example.com,Parttime,34162,1/4/2022,872
111,Melvin,Nguyen,East Julian,32,M,BSc,melvin.nguyen@example.com,Fulltime,38829,2/12/2018,581
112,Michael,Boyd,East Julian,50,F,BSc,michael.boyd@example.com,Fulltime,34994,7/22/2016,517
113,Justin,Mahoney,Hartbury,49,F,PhD,justin.mahoney@example.com,Parttime,25587,6/21/2015,928
114,Robert,Smith,Hartbury,46,F,BSc,robert.smith@example.com,Parttime,22144,2/13/2019,371
115,Cristina,Flynn,New Ryan,36,M,BSc,cristina.flynn@example.com,Fulltime,16787,12/15/2016,469
116,Jennifer,Werner,Grahamtown,44,M,PhD,jennifer.werner@example.com,Fulltime,36049,11/21/2017,326
117,Kenneth,Villegas,South Markmouth,41,M,BSc,kenneth.villegas@example.com,Fulltime,16543,5/21/2020,164
118,Philip,Brown,New Adrian,35,M,BSc,philip.brown@example.com,Parttime,23777,6/19/2016,815
119,Bonnie,Evans,Joneshaven,50,F,PhD,bonnie.evans@example.com,Parttime,28582,3/27/2015,788
120,Michael,Pratt,Port Daniel,39,F,PhD,michael.pratt@example.com,Fulltime,15729,7/20/2017,450
121,Alejandro,Smith,West Emilyfort,36,M,Master,alejandro.smith@example.com,Parttime,21705,12/23/2018,522
122,Benjamin,Hardin,East Julian,46,M,BSc,benjamin.hardin@example.com,Parttime,23125,11/23/2021,921
123,Bryan,Pace,West Emilyfort,34,F,PhD,bryan.pace@example.com,Parttime,23746,2/16/2015,735
124,Kirsten,Best,Mendozamouth,39,F,PhD,kirsten.best@example.com,Fulltime,25017,3/8/2023,211
125,Vanessa,Smith,Victorberg,49,F,PhD,vanessa.smith@example.com,Fulltime,16485,11/24/2015,833
126,Austin,Schmitt,New Joshua,38,F,Master,austin.schmitt@example.com,Parttime,24838,9/24/2018,936
127,Melanie,White,East Julian,55,F,Master,melanie.white@example.com,Parttime,28840,2/26/2020,721
128,Maria,Lin,New Ryan,48,M,Master,maria.lin@example.com,Fulltime,18420,4/6/2021,890
129,Crystal,Houston,Lake Keith,40,F,BSc,crystal.houston@example.com,Fulltime,37380,8/15/2016,219
130,Abigail,Scott,Whiteside,54,F,BSc,abigail.scott@example.com,Parttime,34133,7/4/2017,539
131,Nicole,Proctor,South Markmouth,34,M,Master,nicole.proctor@example.com,Parttime,40958,7/22/2023,411
132,James,Love,Hartbury,54,F,Master,james.love@example.com,Fulltime,15485,9/22/2016,216
133,James,Wilson,Grahamtown,43,F,PhD,james.wilson@example.com,Fulltime,33983,1/15/2018,171
134,Andrew,Garcia,Mendozamouth,51,F,PhD,andrew.garcia@example.com,Fulltime,17658,2/25/2019,747
135,Beverly,Barber,New Joshua,48,M,PhD,beverly.barber@example.com,Parttime,34465,7/25/2022,199
136,Maria,Schroeder,New Ryan,54,F,BSc,maria.schroeder@example.com,Parttime,22509,1/27/2018,983
137,Andrew,Brown,New Ryan,45,M,PhD,andrew.brown@example.com,Parttime,28869,4/17/2022,143
138,Bethany,Jenkins,Lake Keith,53,M,PhD,bethany.jenkins@example.com,Fulltime,24511,3/10/2017,178
139,Karina,Davis,Hartbury,50,F,BSc,karina.davis@example.com,Fulltime,22553,2/9/2023,718
140,Karen,Wyatt,Hartbury,46,F,PhD,karen.wyatt@example.com,Fulltime,22633,4/8/2022,914
141,Sarah,Jones,Thomasview,52,M,PhD,sarah.jones@example.com,Fulltime,32420,7/10/2018,422
142,Becky,Barnes,Thomasview,34,F,Master,becky.barnes@example.com,Fulltime,19886,4/4/2023,864
143,Daniel,Bruce,Joneshaven,41,F,PhD,daniel.bruce@example.com,Fulltime,29810,9/20/2018,926
144,Steven,Bernard,East Julian,44,F,PhD,steven.bernard@example.com,Parttime,18313,12/21/2017,359
145,Taylor,Leonard,New Ryan,33,M,BSc,taylor.leonard@example.com,Parttime,26491,11/24/2022,561
146,Stacy,Callahan,New Joshua,39,F,BSc,stacy.callahan@example.com,Fulltime,22210,2/18/2020,705
147,Joshua,Fields,Joneshaven,32,F,PhD,joshua.fields@example.com,Fulltime,20889,1/17/2020,929
148,John,Moore,East Julian,50,F,BSc,john.moore@example.com,Parttime,33484,5/19/2018,210
149,Gregory,Harris,New Adrian,31,M,Master,gregory.harris@example.com,Parttime,23152,7/7/2021,665
150,Rebekah,Cole,Lake Keith,40,F,BSc,rebekah.cole@example.com,Parttime,20953,1/8/2020,732
151,Lisa,Ferguson,New Adrian,39,F,BSc,lisa.ferguson@example.com,Fulltime,38481,9/28/2019,446
152,Jonathon,Sanchez,Victorberg,32,F,PhD,jonathon.sanchez@example.com,Parttime,29172,9/18/2015,660
153,Heather,Barron,New Adrian,48,F,Master,heather.barron@example.com,Fulltime,25829,3/28/2016,994
154,Matthew,Sanders,Grahamtown,40,M,BSc,matthew.sanders@example.com,Fulltime,27158,12/7/2015,754
155,Wayne,Pierce,Mendozamouth,48,M,Master,wayne.pierce@example.com,Parttime,30504,2/2/2015,886
156,Richard,Richardson,New Joshua,51,M,PhD,richard.richardson@example.com,Fulltime,44199,7/26/2021,170
157,Jacqueline,Farmer,South Markmouth,32,M,Master,jacqueline.farmer@example.com,Parttime,26554,9/5/2022,664
158,Rebecca,Ortiz,New Adrian,41,F,PhD,rebecca.ortiz@example.com,Fulltime,28623,9/24/2022,687
159,Alex,Berry,Joneshaven,49,M,BSc,alex.berry@example.com,Parttime,35614,7/25/2021,666
160,Jacob,Beasley,East Julian,37,F,Master,jacob.beasley@example.com,Fulltime,21295,10/17/2015,503
161,Sally,Knight,New Joshua,49,F,BSc,sally.knight@example.com,Parttime,16537,1/26/2016,813
162,Andrew,Taylor,South Markmouth,42,M,PhD,andrew.taylor@example.com,Parttime,15095,5/8/2023,669
163,Brenda,Richmond,Victorberg,55,F,Master,brenda.richmond@example.com,Parttime,16648,12/6/2015,232
164,James,Anderson,Joneshaven,44,M,BSc,james.anderson@example.com,Fulltime,20119,8/22/2019,851
165,Katherine,Parks,Joneshaven,38,F,Master,katherine.parks@example.com,Parttime,32689,9/3/2018,997
166,Jordan,Garcia,New Adrian,46,F,BSc,jordan.garcia@example.com,Parttime,24084,7/27/2020,903
167,Jeanette,Bradshaw,Mendozamouth,39,M,PhD,jeanette.bradshaw@example.com,Parttime,37690,8/18/2020,491
168,James,Robinson,East Julian,46,F,PhD,james.robinson@example.com,Fulltime,38830,7/3/2018,916
169,Ashley,Adams,New Ryan,30,M,Master,ashley.adams@example.com,Fulltime,25753,6/17/2015,746
170,Jonathan,Stokes,Lake Keith,31,F,PhD,jonathan.stokes@example.com,Fulltime,26095,4/25/2023,970
171,Tara,Reynolds,Mendozamouth,45,F,BSc,tara.reynolds@example.com,Fulltime,18248,6/26/2018,770
172,Timothy,Castillo,New Adrian,35,M,BSc,timothy.castillo@example.com,Fulltime,39880,4/28/2018,101
173,Steven,Jordan,South Markmouth,43,M,BSc,steven.jordan@example.com,Fulltime,36686,12/8/2016,278
174,Marilyn,Bender,Lake Keith,37,M,PhD,marilyn.bender@example.com,Fulltime,43175,3/25/2016,189
175,Jennifer,Sanchez,Whiteside,39,F,BSc,jennifer.sanchez@example.com,Fulltime,40645,2/19/2019,487
176,Tyler,Williams,Mendozamouth,37,F,BSc,tyler.williams@example.com,Parttime,35304,1/21/2021,491
177,Laura,Pearson,Port Daniel,48,F,BSc,laura.pearson@example.com,Parttime,19190,1/14/2020,225
178,Denise,Santos,West Emilyfort,53,M,Master,denise.santos@example.com,Fulltime,25415,5/12/2019,978
179,Jimmy,Dean,Lake Keith,44,F,BSc,jimmy.dean@example.com,Fulltime,25950,9/10/2016,550
180,Samantha,Parker,South Markmouth,38,F,Master,samantha.parker@example.com,Fulltime,23327,11/12/2021,172
181,Veronica,Dawson,New Joshua,50,M,Master,veronica.dawson@example.com,Fulltime,43620,3/3/2020,376
182,Colin,Davis,East Julian,44,F,BSc,colin.davis@example.com,Parttime,27219,2/10/2022,191
183,Ana,Miller,Thomasview,52,M,BSc,ana.miller@example.com,Parttime,44608,3/21/2023,232
184,Jennifer,Skinner,New Joshua,40,M,BSc,jennifer.skinner@example.com,Parttime,42209,9/21/2023,435
185,Lisa,Wright,New Adrian,46,M,BSc,lisa.wright@example.com,Fulltime,22310,5/22/2020,538
186,Eileen,Carter,Grahamtown,40,F,PhD,eileen.carter@example.com,Fulltime,39427,10/7/2015,761
187,Nancy,Brown,Whiteside,49,M,BSc,nancy.brown@example.com,Fulltime,17678,10/22/2019,249
188,Amy,Garcia,Lake Keith,44,F,BSc,amy.garcia@example.com,Parttime,16668,5/10/2021,407
189,Albert,Wang,Mendozamouth,40,M,BSc,albert.wang@example.com,Fulltime,35199,12/4/2022,517
190,Shane,Owens,Joneshaven,41,M,BSc,shane.owens@example.com,Fulltime,27311,12/8/2019,627
191,Joseph,Foster,West Emilyfort,55,M,BSc,joseph.foster@example.com,Parttime,42076,9/3/2019,846
192,Christian,White,Lake Keith,46,M,Master,christian.white@example.com,Parttime,37721,4/22/2022,323
193,Kyle,Robertson,East Julian,44,M,BSc,kyle.robertson@example.com,Fulltime,22485,11/7/2018,308
194,Joshua,Morrison,New Joshua,34,F,Master,joshua.morrison@example.com,Parttime,17563,6/6/2017,605
195,Doris,Little,Grahamtown,34,F,PhD,doris.little@example.com,Fulltime,41333,4/8/2023,366
196,Ann,Hill,New Ryan,44,M,PhD,ann.hill@example.com,Parttime,32428,8/9/2015,677
197,Shelby,Gonzalez,Whiteside,53,F,PhD,shelby.gonzalez@example.com,Parttime,27531,10/12/2018,835
198,Haley,Banks,West Emilyfort,37,F,BSc,haley.banks@example.com,Parttime,38193,11/20/2015,747
199,Jacob,Frey,Grahamtown,50,M,BSc,jacob.frey@example.com,Fulltime,19289,5/26/2018,816
200,Lisa,Wheeler,Lake Keith,34,M,Master,lisa.wheeler@example.com,Fulltime,23037,9/15/2018,166
201,Jennifer,Cohen,New Joshua,39,M,Master,jennifer.cohen@example.com,Parttime,17620,12/16/2021,609
202,Christina,Powers,New Ryan,32,F,Master,christina.powers@example.com,Fulltime,25864,11/8/2021,556
203,Ann,Flores,New Joshua,50,M,PhD,ann.flores@example.com,Parttime,44871,3/26/2021,677
204,Mary,Warren,New Adrian,38,M,Master,mary.warren@example.com,Fulltime,26808,7/1/2015,769
205,Christopher,Richards,Mendozamouth,49,M,Master,christopher.richards@example.com,Fulltime,28014,2/3/2017,215
206,Gregory,Richardson,East Julian,34,F,PhD,gregory.richardson@example.com,Fulltime,23032,2/20/2019,335
207,Richard,Harrington,Hartbury,50,F,PhD,richard.harrington@example.com,Fulltime,22533,9/8/2015,856
208,Steven,Patel,Whiteside,32,F,Master,steven.patel@example.com,Parttime,16087,12/5/2015,927
209,Madison,Morris,New Joshua,40,F,BSc,madison.morris@example.com,Parttime,38620,9/9/2018,948
210,Patrick,Wu,East Julian,42,M,PhD,patrick.wu@example.com,Parttime,41616,1/26/2022,164
211,Jessica,Foster,East Julian,37,M,PhD,jessica.foster@example.com,Fulltime,18909,5/26/2020,365
212,Nathan,Martinez,Hartbury,43,F,PhD,nathan.martinez@example.com,Fulltime,28392,3/5/2021,166
213,John,Perez,West Emilyfort,45,M,BSc,john.perez@example.com,Fulltime,26304,4/22/2019,356
214,Michael,Cummings,Joneshaven,42,M,PhD,michael.cummings@example.com,Fulltime,32010,5/13/2016,840
215,Devin,Kelly,Port Daniel,40,M,BSc,devin.kelly@example.com,Fulltime,33477,12/7/2019,829
216,Willie,Nelson,Lake Keith,43,M,PhD,willie.nelson@example.com,Fulltime,32079,12/13/2019,370
217,Kellie,Smith,East Julian,42,M,BSc,kellie.smith@example.com,Parttime,25567,5/2/2017,140
218,Andrew,Vasquez,Mendozamouth,52,F,BSc,andrew.vasquez@example.com,Fulltime,23558,8/6/2020,758
219,Troy,Jimenez,Whiteside,49,F,PhD,troy.jimenez@example.com,Fulltime,16904,5/12/2019,578
220,Joseph,Wilson,Thomasview,39,M,PhD,joseph.wilson@example.com,Parttime,25857,7/25/2017,263
221,Crystal,Dennis,East Julian,50,M,PhD,crystal.dennis@example.com,Fulltime,23571,8/18/2017,666
222,Michael,Smith,Lake Keith,51,F,PhD,michael.smith@example.com,Fulltime,16761,4/11/2023,542
223,Richard,Salazar,Hartbury,30,M,BSc,richard.salazar@example.com,Fulltime,31594,8/13/2016,917
224,George,Norris,Victorberg,35,F,PhD,george.norris@example.com,Parttime,19056,10/9/2021,512
225,John,Young,Thomasview,43,F,BSc,john.young@example.com,Fulltime,28749,2/1/2022,554
226,Olivia,Stokes,Lake Keith,49,M,BSc,olivia.stokes@example.com,Parttime,33682,3/24/2015,245
227,Anna,Pearson,Victorberg,39,F,PhD,anna.pearson@example.com,Parttime,35368,8/19/2018,852
228,Joseph,Everett,Port Daniel,30,M,Master,joseph.everett@example.com,Parttime,44673,11/28/2021,790
229,Randy,Holden,Whiteside,32,F,Master,randy.holden@example.com,Fulltime,37056,11/2/2023,866
230,Molly,Miller,Grahamtown,52,M,PhD,molly.miller@example.com,Parttime,23120,11/4/2021,292
231,Jeffery,Berry,South Markmouth,32,F,BSc,jeffery.berry@example.com,Fulltime,36158,11/24/2021,858
232,Karen,Butler,New Adrian,31,F,Master,karen.butler@example.com,Fulltime,30150,1/23/2020,729
233,Joseph,Lopez,Joneshaven,30,M,BSc,joseph.lopez@example.com,Parttime,29380,7/22/2019,213
234,Benjamin,Diaz,Grahamtown,48,M,PhD,benjamin.diaz@example.com,Fulltime,44102,4/5/2018,227
235,Veronica,Turner,West Emilyfort,41,F,PhD,veronica.turner@example.com,Fulltime,41027,5/23/2022,643
236,Caleb,Ramos,Thomasview,50,M,PhD,caleb.ramos@example.com,Fulltime,28452,4/11/2017,448
237,Adam,Page,Joneshaven,52,M,Master,adam.page@example.com,Fulltime,43690,3/13/2022,737
238,Douglas,Hurley,New Ryan,43,F,BSc,douglas.hurley@example.com,Fulltime,17723,1/20/2019,875
239,Jo,Moore,East Julian,34,F,Master,jo.moore@example.com,Fulltime,44977,9/10/2020,560
240,Travis,Crosby,East Julian,51,M,BSc,travis.crosby@example.com,Parttime,31604,8/22/2018,784
241,Tammy,Lynch,New Adrian,50,M,Master,tammy.lynch@example.com,Parttime,17869,7/7/2018,955
242,Karen,Bruce,South Markmouth,38,M,BSc,karen.bruce@example.com,Parttime,17799,12/13/2021,696
243,Mark,Hoffman,Lake Keith,40,M,PhD,mark.hoffman@example.com,Fulltime,41708,6/15/2017,397
244,Ashley,Hicks,Grahamtown,50,F,BSc,ashley.hicks@example.com,Fulltime,37953,7/6/2019,257
245,Matthew,Hill,Whiteside,46,F,PhD,matthew.hill@example.com,Parttime,43654,1/18/2017,802
246,Catherine,Estrada,Grahamtown,50,F,PhD,catherine.estrada@example.com,Parttime,17016,2/20/2022,383
247,Linda,Medina,Grahamtown,53,M,PhD,linda.medina@example.com,Parttime,26384,4/8/2018,382
248,Bobby,Sullivan,Port Daniel,54,M,BSc,bobby.sullivan@example.com,Parttime,27856,12/9/2019,451
249,Hayden,Adams,Joneshaven,55,M,PhD,hayden.adams@example.com,Fulltime,36230,7/23/2019,108
250,Angela,Webster,East Julian,36,M,BSc,angela.webster@example.com,Fulltime,40137,7/21/2016,666
251,Patricia,Mcmillan,South Markmouth,46,M,Master,patricia.mcmillan@example.com,Fulltime,37319,7/22/2017,914
252,Carrie,Rodriguez,New Ryan,48,M,BSc,carrie.rodriguez@example.com,Fulltime,26910,1/14/2022,738
253,Kyle,Stephens,Victorberg,31,F,PhD,kyle.stephens@example.com,Fulltime,27178,10/7/2016,596
254,Shane,Rangel,Lake Keith,48,M,PhD,shane.rangel@example.com,Fulltime,30402,9/23/2021,187
255,Kristen,Martinez,Joneshaven,53,M,BSc,kristen.martinez@example.com,Fulltime,42504,9/22/2018,314
256,Jason,Harmon,Victorberg,48,M,BSc,jason.harmon@example.com,Parttime,36898,12/17/2023,565
257,Thomas,Elliott,Grahamtown,41,F,BSc,thomas.elliott@example.com,Parttime,41606,12/5/2015,959
258,Shelley,Black,Thomasview,38,M,BSc,shelley.black@example.com,Fulltime,22201,12/7/2016,948
259,Jake,Jordan,Mendozamouth,44,F,BSc,jake.jordan@example.com,Parttime,27582,8/8/2023,137
260,Sarah,Campbell,South Markmouth,35,F,Master,sarah.campbell@example.com,Parttime,33603,3/23/2020,177
261,Cheryl,Dawson,Grahamtown,49,M,Master,cheryl.dawson@example.com,Fulltime,18256,5/17/2018,758
262,Susan,Nichols,West Emilyfort,43,F,PhD,susan.nichols@example.com,Fulltime,40174,5/27/2021,659
263,Kevin,Martinez,New Joshua,46,F,BSc,kevin.martinez@example.com,Fulltime,17634,1/18/2020,300
264,Miguel,Frank,Victorberg,47,M,BSc,miguel.frank@example.com,Parttime,37177,4/16/2023,847
265,Carmen,Fowler,Whiteside,49,F,PhD,carmen.fowler@example.com,Fulltime,36810,1/16/2016,162
266,David,Ferguson,Whiteside,42,F,Master,david.ferguson@example.com,Parttime,28481,9/21/2020,715
267,Christopher,Mendez,West Emilyfort,52,F,Master,christopher.mendez@example.com,Fulltime,43128,7/14/2015,735
268,James,Carter,Victorberg,41,M,PhD,james.carter@example.com,Fulltime,17477,10/16/2017,645
269,Sarah,Sparks,West Emilyfort,49,M,BSc,sarah.sparks@example.com,Parttime,25910,4/14/2019,486
270,Juan,Williams,Mendozamouth,51,F,BSc,juan.williams@example.com,Parttime,21166,4/11/2019,984
271,William,Mcguire,Joneshaven,54,M,BSc,william.mcguire@example.com,Fulltime,24248,2/25/2015,387
272,Jonathon,Ryan,Victorberg,44,M,PhD,jonathon.ryan@example.com,Parttime,31541,5/2/2016,970
273,Christina,Hobbs,New Joshua,40,M,Master,christina.hobbs@example.com,Fulltime,42259,6/26/2015,776
274,Lucas,Rodriguez,New Adrian,54,M,Master,lucas.rodriguez@example.com,Fulltime,25670,8/8/2016,785
275,Steven,Stone,Lake Keith,40,M,PhD,steven.stone@example.com,Fulltime,16403,8/11/2022,583
276,Cheryl,Doyle,West Emilyfort,31,F,PhD,cheryl.doyle@example.com,Fulltime,21792,10/7/2021,167
277,Adam,Hughes,New Ryan,44,M,PhD,adam.hughes@example.com,Fulltime,18661,10/13/2021,536
278,Kenneth,Johnson,New Ryan,46,F,Master,kenneth.johnson@example.com,Fulltime,21741,5/4/2023,580
279,Margaret,Ray,Joneshaven,38,M,Master,margaret.ray@example.com,Parttime,34147,4/7/2020,678
280,Christopher,Bailey,Grahamtown,48,F,Master,christopher.bailey@example.com,Parttime,42140,2/4/2015,349
281,Benjamin,Ramos,South Markmouth,41,F,PhD,benjamin.ramos@example.com,Fulltime,36995,8/25/2016,273
282,Kimberly,Beck,South Markmouth,55,M,Master,kimberly.beck@example.com,Fulltime,33392,12/28/2018,573
283,Wanda,Davis,Port Daniel,46,F,BSc,wanda.davis@example.com,Parttime,17290,6/4/2022,900
284,Peter,Bird,New Ryan,39,M,PhD,peter.bird@example.com,Fulltime,42041,8/24/2020,400
285,Alexander,Franklin,Lake Keith,45,M,PhD,alexander.franklin@example.com,Parttime,25720,6/3/2015,305
286,Madison,Garcia,Thomasview,54,M,BSc,madison.garcia@example.com,Fulltime,41807,4/20/2022,662
287,Michael,Moyer,Lake Keith,41,F,Master,michael.moyer@example.com,Parttime,26188,11/2/2015,370
288,Willie,Johnson,New Adrian,53,F,PhD,willie.johnson@example.com,Parttime,18528,2/24/2018,493
289,Jessica,Palmer,Thomasview,55,F,Master,jessica.palmer@example.com,Fulltime,19956,9/6/2018,133
290,Jose,Potts,Thomasview,47,F,PhD,jose.potts@example.com,Fulltime,28743,1/20/2022,650
291,Ryan,Meyer,Joneshaven,36,M,PhD,ryan.meyer@example.com,Parttime,33888,10/10/2019,740
292,Emily,Larson,Thomasview,43,F,Master,emily.larson@example.com,Parttime,34322,9/26/2023,462
293,Michele,Smith,Joneshaven,55,F,PhD,michele.smith@example.com,Fulltime,44136,7/16/2023,661
294,Darrell,Garcia,Victorberg,40,F,PhD,darrell.garcia@example.com,Parttime,28262,7/24/2017,741
295,Ruth,Taylor,New Adrian,35,M,BSc,ruth.taylor@example.com,Fulltime,43113,3/19/2016,209
296,Timothy,Hardin,New Adrian,36,F,Master,timothy.hardin@example.com,Parttime,38475,9/2/2015,112
297,Brandy,Thompson,Lake Keith,45,F,PhD,brandy.thompson@example.com,Parttime,39832,10/2/2015,663
298,Brian,Torres,New Ryan,52,F,BSc,brian.torres@example.com,Fulltime,22679,4/21/2019,987
299,Mary,Bradley,East Julian,45,F,PhD,mary.bradley@example.com,Fulltime,39621,7/18/2019,230
300,Latoya,Bell,New Ryan,34,M,PhD,latoya.bell@example.com,Parttime,24759,10/11/2021,286
